{
  "gizmos-infos": {
    "is2D": true,
    "is3DIcon": false,
    "iconSize": 2,
    "gridVisible": true,
    "gridColor": [
      166,
      166,
      166,
      255
    ],
    "transformToolName": "position",
    "pivot": "pivot",
    "coordinate": "local",
    "toolsVisibility3d": true
  },
  "__version__": "1.0.0",
  "builder": {
    "taskOptionsMap": {},
    "__version__": "1.3.7"
  },
  "snap-configs": {
    "position": {
      "x": 1,
      "y": 1,
      "z": 1
    },
    "rotation": 1,
    "scale": 1,
    "isPositionSnapEnabled": false,
    "isRotationSnapEnabled": false,
    "isScaleSnapEnabled": false
  },
  "rect-snap-configs": {
    "enableSnapping": true,
    "snapThreshold": 4
  },
  "float-window": {
    "position": {
      "cc": {
        "Camera": {
          "dock": false,
          "top": null,
          "bottom": 10,
          "left": null,
          "right": 10
        }
      }
    }
  },
  "camera-infos": {
    "9e97db92-0e75-4dff-a1d0-68fb50b5a6e7": {
      "position": {
        "x": 530.558950008184,
        "y": 932.245117942481,
        "z": 5000
      },
      "rotation": {
        "x": 0,
        "y": 0,
        "z": 0,
        "w": 1
      },
      "viewCenter": {
        "x": 0,
        "y": 0,
        "z": 0
      },
      "contentRect": {
        "x": 521.8418020934939,
        "y": 923.527970027791,
        "width": 39.94960937499991,
        "height": 39.40000000000009
      },
      "scale": 5.735820992063301
    },
    "af169639-f333-4188-bd3c-8b85138f9206": {
      "position": {
        "x": 521.4013876000192,
        "y": 972.3213306476877,
        "z": 5000
      },
      "rotation": {
        "x": 0,
        "y": 0,
        "z": 0,
        "w": 1
      },
      "viewCenter": {
        "x": 0,
        "y": 0,
        "z": 0
      },
      "contentRect": {
        "x": 511.3880141301488,
        "y": 962.2278501900581,
        "width": 50,
        "height": 50.40000000000009
      },
      "scale": 2.496661097803191
    },
    "73b2c170-7e21-4e4c-9143-7b9bf4b8093f": {
      "position": {
        "x": 947.2385645547695,
        "y": 867.0930212759334,
        "z": 5000
      },
      "rotation": {
        "x": 0,
        "y": 0,
        "z": 0,
        "w": 1
      },
      "viewCenter": {
        "x": 0,
        "y": 0,
        "z": 0
      },
      "contentRect": {
        "x": -383.14072713822947,
        "y": -576.3787913492372,
        "width": 637,
        "height": 691.1499227202473
      },
      "scale": 0.23940541016290692
    },
    "2c729227-c828-41eb-b28d-f26fc4264798": {
      "position": {
        "x": -175.45417967926142,
        "y": 431.052680610012,
        "z": 5000
      },
      "rotation": {
        "x": 0,
        "y": 0,
        "z": 0,
        "w": 1
      },
      "viewCenter": {
        "x": 0,
        "y": 0,
        "z": 0
      },
      "contentRect": {
        "x": -2987.9240038967005,
        "y": -2277.090596804925,
        "width": 636.6147672552167,
        "height": 613
      },
      "scale": 0.11317717291995351
    },
    "2c811763-ed87-44e2-af64-02859b9e81ed": {
      "position": {
        "x": 558.4738125044994,
        "y": 903.4206993477432,
        "z": 5000
      },
      "rotation": {
        "x": 0,
        "y": 0,
        "z": 0,
        "w": 1
      },
      "viewCenter": {
        "x": 0,
        "y": 0,
        "z": 0
      },
      "contentRect": {
        "x": 117.31812703329554,
        "y": 574.261194089043,
        "width": 100,
        "height": 100
      },
      "scale": 0.7169776240079041
    },
    "c79f4908-640b-4078-9ff6-27cbd92c87c2": {
      "position": {
        "x": 598.4347774531691,
        "y": 769.2488311144468,
        "z": 5000
      },
      "rotation": {
        "x": 0,
        "y": 0,
        "z": 0,
        "w": 1
      },
      "viewCenter": {
        "x": 0,
        "y": 0,
        "z": 0
      },
      "contentRect": {
        "x": 420.76730367840867,
        "y": 474.3230503273189,
        "width": 130.96484375,
        "height": 217.39999999999998
      },
      "scale": 0.36856730432277035
    },
    "c77ecaa8-c936-46c4-a5b0-98692673ed87": {
      "position": {
        "x": 540,
        "y": 960,
        "z": 5000
      },
      "rotation": {
        "x": 0,
        "y": 0,
        "z": 0,
        "w": 1
      },
      "viewCenter": {
        "x": 0,
        "y": 0,
        "z": 0
      },
      "contentRect": {
        "x": 0,
        "y": 0,
        "width": 344.8125,
        "height": 613
      },
      "scale": 0.31927083333333334
    },
    "e5474c5d-dc44-4d89-881f-9283cfed0718": {
      "position": {
        "x": -424.35365852820814,
        "y": 822.925710140973,
        "z": 5000
      },
      "rotation": {
        "x": 0,
        "y": 0,
        "z": 0,
        "w": 1
      },
      "viewCenter": {
        "x": 0,
        "y": 0,
        "z": 0
      },
      "contentRect": {
        "x": -1772.550651341955,
        "y": -1573.868943750133,
        "width": 344.8125,
        "height": 613
      },
      "scale": 0.1278791236881344
    },
    "b5b1f121-c63b-44a1-834a-e9d921b21e87": {
      "position": {
        "x": -241.24944381498608,
        "y": 968.8292657837793,
        "z": 5000
      },
      "rotation": {
        "x": 0,
        "y": 0,
        "z": 0,
        "w": 1
      },
      "viewCenter": {
        "x": 0,
        "y": 0,
        "z": 0
      },
      "contentRect": {
        "x": -2999.020977330345,
        "y": -675.2775910392529,
        "width": 1028.2263242375602,
        "height": 613
      },
      "scale": 0.18642340595322446
    }
  },
  "camera-uuids": [
    "9e97db92-0e75-4dff-a1d0-68fb50b5a6e7",
    "af169639-f333-4188-bd3c-8b85138f9206",
    "73b2c170-7e21-4e4c-9143-7b9bf4b8093f",
    "2c729227-c828-41eb-b28d-f26fc4264798",
    "2c811763-ed87-44e2-af64-02859b9e81ed",
    "c79f4908-640b-4078-9ff6-27cbd92c87c2",
    "c77ecaa8-c936-46c4-a5b0-98692673ed87",
    "e5474c5d-dc44-4d89-881f-9283cfed0718",
    "b5b1f121-c63b-44a1-834a-e9d921b21e87"
  ],
  "camera": {
    "color": [
      48,
      48,
      48,
      255
    ],
    "fov": 45,
    "far": 10000,
    "near": 0.01,
    "wheelSpeed": 0.01,
    "wanderSpeed": 10,
    "enableAcceleration": true,
    "size": "__default_design__",
    "far2D": 10000,
    "near2D": 1,
    "wheelSpeed2D": 6,
    "iso": 0,
    "aperture": 19,
    "shutter": 7
  },
  "scene_view": {
    "isSceneLightOn": true,
    "output_device": "__default_design__"
  },
  "game-view": {
    "fullScreen": true,
    "scaleValue": 34,
    "sliderValue": 13
  }
}
